threshold,accuracy,balanced_accuracy,precision,recall,f1,macro_f1,precision_class_0,recall_class_0,f1_class_0
0.05,0.9421965317919075,0.5833333333333334,0.9415204678362573,1.0,0.9698795180722891,0.6277969018932874,1.0,0.16666666666666666,0.2857142857142857
0.060000000000000005,0.9479768786127167,0.6635610766045549,0.9523809523809523,0.9937888198757764,0.9726443768996961,0.7216163060969069,0.8,0.3333333333333333,0.47058823529411764
0.07,0.9479768786127167,0.7021221532091098,0.9578313253012049,0.9875776397515528,0.9724770642201835,0.7493964268469339,0.7142857142857143,0.4166666666666667,0.5263157894736842
0.08000000000000002,0.9479768786127167,0.7021221532091098,0.9578313253012049,0.9875776397515528,0.9724770642201835,0.7493964268469339,0.7142857142857143,0.4166666666666667,0.5263157894736842
0.09000000000000001,0.9479768786127167,0.7021221532091098,0.9578313253012049,0.9875776397515528,0.9724770642201835,0.7493964268469339,0.7142857142857143,0.4166666666666667,0.5263157894736842
0.1,0.9421965317919075,0.6990165631469979,0.9575757575757575,0.9813664596273292,0.9693251533742331,0.7346625766871165,0.625,0.4166666666666667,0.5
0.11000000000000001,0.9421965317919075,0.6990165631469979,0.9575757575757575,0.9813664596273292,0.9693251533742331,0.7346625766871165,0.625,0.4166666666666667,0.5
0.12000000000000001,0.9421965317919075,0.6990165631469979,0.9575757575757575,0.9813664596273292,0.9693251533742331,0.7346625766871165,0.625,0.4166666666666667,0.5
0.13,0.9479768786127167,0.7406832298136645,0.9634146341463414,0.9813664596273292,0.9723076923076923,0.7718681318681319,0.6666666666666666,0.5,0.5714285714285714
0.14,0.9479768786127167,0.7406832298136645,0.9634146341463414,0.9813664596273292,0.9723076923076923,0.7718681318681319,0.6666666666666666,0.5,0.5714285714285714
0.15000000000000002,0.9479768786127167,0.7406832298136645,0.9634146341463414,0.9813664596273292,0.9723076923076923,0.7718681318681319,0.6666666666666666,0.5,0.5714285714285714
0.16000000000000003,0.9479768786127167,0.7406832298136645,0.9634146341463414,0.9813664596273292,0.9723076923076923,0.7718681318681319,0.6666666666666666,0.5,0.5714285714285714
0.17000000000000004,0.9479768786127167,0.7406832298136645,0.9634146341463414,0.9813664596273292,0.9723076923076923,0.7718681318681319,0.6666666666666666,0.5,0.5714285714285714
0.18000000000000005,0.9479768786127167,0.7406832298136645,0.9634146341463414,0.9813664596273292,0.9723076923076923,0.7718681318681319,0.6666666666666666,0.5,0.5714285714285714
0.19,0.9479768786127167,0.7406832298136645,0.9634146341463414,0.9813664596273292,0.9723076923076923,0.7718681318681319,0.6666666666666666,0.5,0.5714285714285714
0.2,0.9479768786127167,0.7406832298136645,0.9634146341463414,0.9813664596273292,0.9723076923076923,0.7718681318681319,0.6666666666666666,0.5,0.5714285714285714
0.21000000000000002,0.9479768786127167,0.7406832298136645,0.9634146341463414,0.9813664596273292,0.9723076923076923,0.7718681318681319,0.6666666666666666,0.5,0.5714285714285714
0.22000000000000003,0.9479768786127167,0.7406832298136645,0.9634146341463414,0.9813664596273292,0.9723076923076923,0.7718681318681319,0.6666666666666666,0.5,0.5714285714285714
0.23000000000000004,0.9364161849710982,0.734472049689441,0.9629629629629629,0.968944099378882,0.9659442724458205,0.7438417014403016,0.5454545454545454,0.5,0.5217391304347826
0.24000000000000005,0.9364161849710982,0.734472049689441,0.9629629629629629,0.968944099378882,0.9659442724458205,0.7438417014403016,0.5454545454545454,0.5,0.5217391304347826
0.25000000000000006,0.9364161849710982,0.734472049689441,0.9629629629629629,0.968944099378882,0.9659442724458205,0.7438417014403016,0.5454545454545454,0.5,0.5217391304347826
0.26000000000000006,0.9364161849710982,0.734472049689441,0.9629629629629629,0.968944099378882,0.9659442724458205,0.7438417014403016,0.5454545454545454,0.5,0.5217391304347826
0.27,0.9364161849710982,0.734472049689441,0.9629629629629629,0.968944099378882,0.9659442724458205,0.7438417014403016,0.5454545454545454,0.5,0.5217391304347826
0.28,0.930635838150289,0.769927536231884,0.9685534591194969,0.9565217391304348,0.9625,0.7504807692307692,0.5,0.5833333333333334,0.5384615384615384
0.29000000000000004,0.930635838150289,0.769927536231884,0.9685534591194969,0.9565217391304348,0.9625,0.7504807692307692,0.5,0.5833333333333334,0.5384615384615384
0.30000000000000004,0.930635838150289,0.769927536231884,0.9685534591194969,0.9565217391304348,0.9625,0.7504807692307692,0.5,0.5833333333333334,0.5384615384615384
0.31000000000000005,0.9364161849710982,0.8115942028985508,0.9746835443037974,0.9565217391304348,0.9655172413793104,0.7790549169859515,0.5333333333333333,0.6666666666666666,0.5925925925925926
0.32000000000000006,0.9364161849710982,0.8115942028985508,0.9746835443037974,0.9565217391304348,0.9655172413793104,0.7790549169859515,0.5333333333333333,0.6666666666666666,0.5925925925925926
0.33,0.9364161849710982,0.8115942028985508,0.9746835443037974,0.9565217391304348,0.9655172413793104,0.7790549169859515,0.5333333333333333,0.6666666666666666,0.5925925925925926
0.34,0.9364161849710982,0.8115942028985508,0.9746835443037974,0.9565217391304348,0.9655172413793104,0.7790549169859515,0.5333333333333333,0.6666666666666666,0.5925925925925926
0.35000000000000003,0.9364161849710982,0.8115942028985508,0.9746835443037974,0.9565217391304348,0.9655172413793104,0.7790549169859515,0.5333333333333333,0.6666666666666666,0.5925925925925926
0.36000000000000004,0.930635838150289,0.8084886128364389,0.9745222929936306,0.9503105590062112,0.9622641509433962,0.7668463611859838,0.5,0.6666666666666666,0.5714285714285714
0.37000000000000005,0.930635838150289,0.8084886128364389,0.9745222929936306,0.9503105590062112,0.9622641509433962,0.7668463611859838,0.5,0.6666666666666666,0.5714285714285714
0.38000000000000006,0.9248554913294798,0.805383022774327,0.9743589743589743,0.9440993788819876,0.9589905362776026,0.7553573371043185,0.47058823529411764,0.6666666666666666,0.5517241379310345
0.39000000000000007,0.9190751445086706,0.8022774327122153,0.9741935483870968,0.937888198757764,0.9556962025316456,0.7445147679324895,0.4444444444444444,0.6666666666666666,0.5333333333333333
0.4000000000000001,0.9017341040462428,0.7929606625258798,0.9736842105263158,0.9192546583850931,0.9456869009584664,0.7152676929034756,0.38095238095238093,0.6666666666666666,0.48484848484848486
0.4100000000000001,0.8959537572254336,0.7898550724637681,0.9735099337748344,0.9130434782608695,0.9423076923076923,0.7064479638009049,0.36363636363636365,0.6666666666666666,0.47058823529411764
0.42000000000000004,0.8959537572254336,0.7898550724637681,0.9735099337748344,0.9130434782608695,0.9423076923076923,0.7064479638009049,0.36363636363636365,0.6666666666666666,0.47058823529411764
0.43000000000000005,0.8901734104046243,0.7867494824016563,0.9733333333333334,0.906832298136646,0.9389067524115756,0.6980248047772164,0.34782608695652173,0.6666666666666666,0.45714285714285713
0.44000000000000006,0.884393063583815,0.7836438923395446,0.9731543624161074,0.9006211180124224,0.9354838709677419,0.6899641577060931,0.3333333333333333,0.6666666666666666,0.4444444444444444
0.45000000000000007,0.884393063583815,0.7836438923395446,0.9731543624161074,0.9006211180124224,0.9354838709677419,0.6899641577060931,0.3333333333333333,0.6666666666666666,0.4444444444444444
0.4600000000000001,0.884393063583815,0.7836438923395446,0.9731543624161074,0.9006211180124224,0.9354838709677419,0.6899641577060931,0.3333333333333333,0.6666666666666666,0.4444444444444444
0.4700000000000001,0.8728323699421965,0.7774327122153208,0.9727891156462585,0.8881987577639752,0.9285714285714286,0.674812030075188,0.3076923076923077,0.6666666666666666,0.42105263157894735
0.4800000000000001,0.8728323699421965,0.7774327122153208,0.9727891156462585,0.8881987577639752,0.9285714285714286,0.674812030075188,0.3076923076923077,0.6666666666666666,0.42105263157894735
0.49000000000000005,0.8728323699421965,0.7774327122153208,0.9727891156462585,0.8881987577639752,0.9285714285714286,0.674812030075188,0.3076923076923077,0.6666666666666666,0.42105263157894735
0.5000000000000001,0.8670520231213873,0.7743271221532091,0.9726027397260274,0.8819875776397516,0.9250814332247557,0.6676689217405829,0.2962962962962963,0.6666666666666666,0.41025641025641024
0.5100000000000001,0.8554913294797688,0.7681159420289855,0.9722222222222222,0.8695652173913043,0.9180327868852459,0.6541383446621352,0.27586206896551724,0.6666666666666666,0.3902439024390244
0.5200000000000001,0.8554913294797688,0.7681159420289855,0.9722222222222222,0.8695652173913043,0.9180327868852459,0.6541383446621352,0.27586206896551724,0.6666666666666666,0.3902439024390244
0.5300000000000001,0.8554913294797688,0.7681159420289855,0.9722222222222222,0.8695652173913043,0.9180327868852459,0.6541383446621352,0.27586206896551724,0.6666666666666666,0.3902439024390244
0.5400000000000001,0.8497109826589595,0.7650103519668736,0.972027972027972,0.8633540372670807,0.9144736842105263,0.6477130325814536,0.26666666666666666,0.6666666666666666,0.38095238095238093
0.5500000000000002,0.8439306358381503,0.7619047619047619,0.971830985915493,0.8571428571428571,0.9108910891089109,0.6414920561823625,0.25806451612903225,0.6666666666666666,0.37209302325581395
0.5600000000000002,0.838150289017341,0.7587991718426501,0.9716312056737588,0.8509316770186336,0.9072847682119205,0.6354605659241421,0.25,0.6666666666666666,0.36363636363636365
0.5700000000000002,0.8323699421965318,0.7556935817805384,0.9714285714285714,0.84472049689441,0.9036544850498339,0.6296050203026947,0.24242424242424243,0.6666666666666666,0.35555555555555557
0.5800000000000002,0.8323699421965318,0.7556935817805384,0.9714285714285714,0.84472049689441,0.9036544850498339,0.6296050203026947,0.24242424242424243,0.6666666666666666,0.35555555555555557
0.5900000000000002,0.8323699421965318,0.7556935817805384,0.9714285714285714,0.84472049689441,0.9036544850498339,0.6296050203026947,0.24242424242424243,0.6666666666666666,0.35555555555555557
0.6000000000000002,0.8323699421965318,0.7556935817805384,0.9714285714285714,0.84472049689441,0.9036544850498339,0.6296050203026947,0.24242424242424243,0.6666666666666666,0.35555555555555557
0.6100000000000001,0.8323699421965318,0.7556935817805384,0.9714285714285714,0.84472049689441,0.9036544850498339,0.6296050203026947,0.24242424242424243,0.6666666666666666,0.35555555555555557
0.6200000000000001,0.8265895953757225,0.7525879917184265,0.9712230215827338,0.8385093167701864,0.9,0.6239130434782609,0.23529411764705882,0.6666666666666666,0.34782608695652173
0.6300000000000001,0.8265895953757225,0.7525879917184265,0.9712230215827338,0.8385093167701864,0.9,0.6239130434782609,0.23529411764705882,0.6666666666666666,0.34782608695652173
0.6400000000000001,0.8265895953757225,0.7525879917184265,0.9712230215827338,0.8385093167701864,0.9,0.6239130434782609,0.23529411764705882,0.6666666666666666,0.34782608695652173
0.6500000000000001,0.8265895953757225,0.7525879917184265,0.9712230215827338,0.8385093167701864,0.9,0.6239130434782609,0.23529411764705882,0.6666666666666666,0.34782608695652173
0.6600000000000001,0.815028901734104,0.7463768115942029,0.9708029197080292,0.8260869565217391,0.8926174496644296,0.6129753914988815,0.2222222222222222,0.6666666666666666,0.3333333333333333
0.6700000000000002,0.8092485549132948,0.7432712215320911,0.9705882352941176,0.8198757763975155,0.8888888888888888,0.6077097505668934,0.21621621621621623,0.6666666666666666,0.32653061224489793
0.6800000000000002,0.8092485549132948,0.7432712215320911,0.9705882352941176,0.8198757763975155,0.8888888888888888,0.6077097505668934,0.21621621621621623,0.6666666666666666,0.32653061224489793
0.6900000000000002,0.8034682080924855,0.7787267080745341,0.9774436090225563,0.8074534161490683,0.8843537414965986,0.6152537938252224,0.225,0.75,0.34615384615384615
0.7000000000000002,0.7976878612716763,0.7756211180124224,0.9772727272727273,0.8012422360248447,0.8805460750853242,0.6100843582973791,0.21951219512195122,0.75,0.33962264150943394
0.7100000000000002,0.791907514450867,0.7725155279503105,0.9770992366412213,0.7950310559006211,0.8767123287671232,0.6050228310502282,0.21428571428571427,0.75,0.3333333333333333
0.7200000000000002,0.791907514450867,0.7725155279503105,0.9770992366412213,0.7950310559006211,0.8767123287671232,0.6050228310502282,0.21428571428571427,0.75,0.3333333333333333
0.7300000000000002,0.791907514450867,0.7725155279503105,0.9770992366412213,0.7950310559006211,0.8767123287671232,0.6050228310502282,0.21428571428571427,0.75,0.3333333333333333
0.7400000000000002,0.7861271676300579,0.7694099378881988,0.9769230769230769,0.7888198757763976,0.872852233676976,0.6000624804748516,0.20930232558139536,0.75,0.32727272727272727
0.7500000000000002,0.7861271676300579,0.7694099378881988,0.9769230769230769,0.7888198757763976,0.872852233676976,0.6000624804748516,0.20930232558139536,0.75,0.32727272727272727
0.7600000000000002,0.7803468208092486,0.7663043478260869,0.9767441860465116,0.782608695652174,0.8689655172413793,0.5951970443349753,0.20454545454545456,0.75,0.32142857142857145
0.7700000000000002,0.7687861271676301,0.7600931677018634,0.9763779527559056,0.7701863354037267,0.8611111111111112,0.585727969348659,0.1956521739130435,0.75,0.3103448275862069
0.7800000000000001,0.7572254335260116,0.7538819875776397,0.976,0.7577639751552795,0.8531468531468531,0.5765734265734266,0.1875,0.75,0.3
0.7900000000000001,0.7572254335260116,0.7538819875776397,0.976,0.7577639751552795,0.8531468531468531,0.5765734265734266,0.1875,0.75,0.3
0.8000000000000002,0.7514450867052023,0.7507763975155279,0.9758064516129032,0.7515527950310559,0.8491228070175438,0.5721023871153292,0.1836734693877551,0.75,0.29508196721311475
0.8100000000000002,0.7514450867052023,0.7507763975155279,0.9758064516129032,0.7515527950310559,0.8491228070175438,0.5721023871153292,0.1836734693877551,0.75,0.29508196721311475
0.8200000000000002,0.7456647398843931,0.7476708074534162,0.975609756097561,0.7453416149068323,0.8450704225352113,0.5676965015901863,0.18,0.75,0.2903225806451613
0.8300000000000002,0.7283236994219653,0.7383540372670807,0.975,0.7267080745341615,0.8327402135231317,0.5548316452231044,0.16981132075471697,0.75,0.27692307692307694
0.8400000000000002,0.7109826589595376,0.7290372670807453,0.9743589743589743,0.7080745341614907,0.8201438848920863,0.5424248836225137,0.16071428571428573,0.75,0.2647058823529412
0.8500000000000002,0.6936416184971098,0.71972049689441,0.9736842105263158,0.6894409937888198,0.8072727272727273,0.5303969270166453,0.15254237288135594,0.75,0.2535211267605634
0.8600000000000002,0.6878612716763006,0.7166149068322981,0.9734513274336283,0.6832298136645962,0.8029197080291971,0.5264598540145986,0.15,0.75,0.25
0.8700000000000002,0.653179190751445,0.6979813664596273,0.9719626168224299,0.6459627329192547,0.7761194029850746,0.5034443168771527,0.13636363636363635,0.75,0.23076923076923078
0.8800000000000002,0.630057803468208,0.68555900621118,0.970873786407767,0.6211180124223602,0.7575757575757576,0.4885439763488544,0.12857142857142856,0.75,0.21951219512195122
0.8900000000000002,0.630057803468208,0.68555900621118,0.970873786407767,0.6211180124223602,0.7575757575757576,0.4885439763488544,0.12857142857142856,0.75,0.21951219512195122
0.9000000000000002,0.5953757225433526,0.7054865424430642,0.9789473684210527,0.577639751552795,0.7265625,0.4743923611111111,0.1282051282051282,0.8333333333333334,0.2222222222222222
0.9100000000000003,0.5491329479768786,0.6806418219461698,0.9770114942528736,0.5279503105590062,0.6854838709677419,0.44478275181040156,0.11627906976744186,0.8333333333333334,0.20408163265306123
0.9200000000000003,0.5375722543352601,0.712991718426501,0.9879518072289156,0.5093167701863354,0.6721311475409836,0.44390871102539375,0.12222222222222222,0.9166666666666666,0.21568627450980393
0.9300000000000002,0.4913294797687861,0.6881469979296067,0.9866666666666667,0.45962732919254656,0.6271186440677966,0.41355932203389834,0.11224489795918367,0.9166666666666666,0.2
0.9400000000000002,0.4624277456647399,0.6726190476190476,0.9857142857142858,0.42857142857142855,0.5974025974025974,0.39435347261434217,0.10679611650485436,0.9166666666666666,0.19130434782608696
0.9500000000000002,0.4161849710982659,0.6863354037267081,1.0,0.37267080745341613,0.5429864253393665,0.36749321266968327,0.10619469026548672,1.0,0.192
